{
    "FocalLength": [
        368.3631867304172,
        365.9491488023846
    ],
    "PrinciplePoint": [
        299.26164074817547,
        385.9876366917187
    ],
    "RadialDistortion": [
        [
            -0.3272942553976698,
            0.14727481057503353,
            -0.03352916229205827
        ]
    ],
    "TangentialDistortion": [
        [
            0.0,
            0.0
        ]
    ],
    "Skew": 2.1555790970673887,
    "ImageSize": [
        624,
        758
    ],
    "IntrinsicMatrix": [
        [
            368.3631867304172,
            2.1555790970673887,
            299.26164074817547
        ],
        [
            0.0,
            365.9491488023846,
            385.9876366917187
        ],
        [
            0.0,
            0.0,
            1.0
        ]
    ]
}