{
    "Camera Name": "rgb_0",
    "Intrinsic Matrix": [
        [
            368.3631867304172,
            2.1555790970673887,
            299.26164074817547
        ],
        [
            0.0,
            365.9491488023846,
            385.9876366917187
        ],
        [
            0.0,
            0.0,
            1.0
        ]
    ],
    "Distortion Coefficients": [
        -0.3272942553976698,
        0.14727481057503353,
        0.0,
        0.0,
        -0.03352916229205827
    ],
    "Image Size": [
        624,
        758
    ],
    "LiDAR Name": "pandar64",
    "Camera Pose": [
        [
            0.04765880635303925,
            -0.01567188008349281,
            0.9987407222856451,
            -0.4566470164518713
        ],
        [
            -0.9988507665597688,
            0.004335234062827634,
            0.04773208447766579,
            -0.014549750833122852
        ],
        [
            -0.005077826303254956,
            -0.9998677902204217,
            -0.015447257354134316,
            0.49655388018634056
        ],
        [
            0.0,
            0.0,
            0.0,
            1.0
        ]
    ],
    "Extrinsic rvec": [
        1.239336627201104,
        -1.1875422328478311,
        1.163125000804345
    ],
    "Extrinsic tvec": [
        0.009751636309647971,
        0.48939479020039117,
        0.46443685655405464
    ],
    "Extrinsic quaternion": [
        0.5144829515261768,
        -0.4929816642289859,
        0.4828453950878062,
        0.5090547080279615
    ]
}