{
    "Camera Name": "rgb_0",
    "Intrinsic Matrix": [
        [
            368.3631867304172,
            2.1555790970673887,
            299.26164074817547
        ],
        [
            0.0,
            365.9491488023846,
            385.9876366917187
        ],
        [
            0.0,
            0.0,
            1.0
        ]
    ],
    "Distortion Coefficients": [
        -0.3272942553976698,
        0.14727481057503353,
        0.0,
        0.0,
        -0.03352916229205827
    ],
    "Image Size": [
        624,
        758
    ],
    "LiDAR Name": "os128",
    "Camera Pose": [
        [
            0.030466747888715878,
            -0.011998346343684624,
            0.9994637647049052,
            -0.09875070933914741
        ],
        [
            -0.9994557583437289,
            0.012286974079580314,
            0.030614006296606884,
            0.0066269682761312095
        ],
        [
            -0.012647702820923307,
            -0.9998525241019219,
            -0.011617472202200269,
            0.2773278776935906
        ],
        [
            0.0,
            0.0,
            0.0,
            1.0
        ]
    ],
    "Extrinsic rvec": [
        1.2229670302806437,
        -1.2011830750818666,
        1.1719234182358735
    ],
    "Extrinsic tvec": [
        0.013139535150234138,
        0.2760207079159951,
        0.10171672658485176
    ],
    "Extrinsic quaternion": [
        0.5073946309361521,
        -0.49835672424305283,
        0.4862172368986685,
        0.5077243961457082
    ]
}